{
  "project_info": {
    "project_number": "447153159597",
    "firebase_url": "https://bmrcapstone.firebaseio.com",
    "project_id": "bmrcapstone",
    "storage_bucket": "bmrcapstone.appspot.com"
  },
  "client": [
    {
      "client_info": {
        "mobilesdk_app_id": "1:447153159597:android:b44c0d410fd4fc70",
        "android_client_info": {
          "package_name": "com.example.mike.caraid4"
        }
      },
      "oauth_client": [
        {
          "client_id": "447153159597-d6hasu3hces16f33lgjairnbbi1qvdus.apps.googleusercontent.com",
          "client_type": 3
        }
      ],
      "api_key": [
        {
          "current_key": "AIzaSyA_S7owUvsXDuuHvYadg-XapNH8-B5aVas"
        }
      ],
      "services": {
        "analytics_service": {
          "status": 1
        },
        "appinvite_service": {
          "status": 1,
          "other_platform_oauth_client": []
        },
        "ads_service": {
          "status": 2
        }
      }
    },
    {
      "client_info": {
        "mobilesdk_app_id": "1:447153159597:android:9904c9ad4d5d7ab3",
        "android_client_info": {
          "package_name": "com.example.mike.caraid4"
        }
      },
      "oauth_client": [
        {
          "client_id": "447153159597-d6hasu3hces16f33lgjairnbbi1qvdus.apps.googleusercontent.com",
          "client_type": 3
        }
      ],
      "api_key": [
        {
          "current_key": "AIzaSyA_S7owUvsXDuuHvYadg-XapNH8-B5aVas"
        }
      ],
      "services": {
        "analytics_service": {
          "status": 1
        },
        "appinvite_service": {
          "status": 1,
          "other_platform_oauth_client": []
        },
        "ads_service": {
          "status": 2
        }
      }
    }
  ],
  "configuration_version": "1"
}